indicator,jenis_kelamin,rentang_usia,month,l,m,s,sd,sd3neg,sd2neg,sd1neg,sd0,sd1,sd2,sd3,height
length_height_for_age,boys,0-2,0.0,1.0,49.8842,0.03795,1.8931,44.2,46.1,48.0,49.9,51.8,53.7,55.6,
length_height_for_age,boys,0-2,1.0,1.0,54.7244,0.03557,1.9465,48.9,50.8,52.8,54.7,56.7,58.6,60.6,
length_height_for_age,boys,0-2,2.0,1.0,58.4249,0.03424,2.0005,52.4,54.4,56.4,58.4,60.4,62.4,64.4,
length_height_for_age,boys,0-2,3.0,1.0,61.4292,0.03328,2.0444,55.3,57.3,59.4,61.4,63.5,65.5,67.6,
length_height_for_age,boys,0-2,4.0,1.0,63.886,0.03257,2.0808,57.6,59.7,61.8,63.9,66.0,68.0,70.1,
length_height_for_age,boys,0-2,5.0,1.0,65.9026,0.03204,2.1115,59.6,61.7,63.8,65.9,68.0,70.1,72.2,
length_height_for_age,boys,0-2,6.0,1.0,67.6236,0.03165,2.1403,61.2,63.3,65.5,67.6,69.8,71.9,74.0,
length_height_for_age,boys,0-2,7.0,1.0,69.1645,0.03139,2.1711,62.7,64.8,67.0,69.2,71.3,73.5,75.7,
length_height_for_age,boys,0-2,8.0,1.0,70.5994,0.03124,2.2055,64.0,66.2,68.4,70.6,72.8,75.0,77.2,
length_height_for_age,boys,0-2,9.0,1.0,71.9687,0.03117,2.2433,65.2,67.5,69.7,72.0,74.2,76.5,78.7,
length_height_for_age,boys,0-2,10.0,1.0,73.2812,0.03118,2.2849,66.4,68.7,71.0,73.3,75.6,77.9,80.1,
length_height_for_age,boys,0-2,11.0,1.0,74.5388,0.03125,2.3293,67.6,69.9,72.2,74.5,76.9,79.2,81.5,
length_height_for_age,boys,0-2,12.0,1.0,75.7488,0.03137,2.3762,68.6,71.0,73.4,75.7,78.1,80.5,82.9,
length_height_for_age,boys,0-2,13.0,1.0,76.9186,0.03154,2.426,69.6,72.1,74.5,76.9,79.3,81.8,84.2,
length_height_for_age,boys,0-2,14.0,1.0,78.0497,0.03174,2.4773,70.6,73.1,75.6,78.0,80.5,83.0,85.5,
length_height_for_age,boys,0-2,15.0,1.0,79.1458,0.03197,2.5303,71.6,74.1,76.6,79.1,81.7,84.2,86.7,
length_height_for_age,boys,0-2,16.0,1.0,80.2113,0.03222,2.5844,72.5,75.0,77.6,80.2,82.8,85.4,88.0,
length_height_for_age,boys,0-2,17.0,1.0,81.2487,0.0325,2.6406,73.3,76.0,78.6,81.2,83.9,86.5,89.2,
length_height_for_age,boys,0-2,18.0,1.0,82.2587,0.03279,2.6973,74.2,76.9,79.6,82.3,85.0,87.7,90.4,
length_height_for_age,boys,0-2,19.0,1.0,83.2418,0.0331,2.7553,75.0,77.7,80.5,83.2,86.0,88.8,91.5,
length_height_for_age,boys,0-2,20.0,1.0,84.1996,0.03342,2.814,75.8,78.6,81.4,84.2,87.0,89.8,92.6,
length_height_for_age,boys,0-2,21.0,1.0,85.1348,0.03376,2.8742,76.5,79.4,82.3,85.1,88.0,90.9,93.8,
length_height_for_age,boys,0-2,22.0,1.0,86.0477,0.0341,2.9342,77.2,80.2,83.1,86.0,89.0,91.9,94.9,
length_height_for_age,boys,0-2,23.0,1.0,86.941,0.03445,2.9951,78.0,81.0,83.9,86.9,89.9,92.9,95.9,
length_height_for_age,boys,0-2,24.0,1.0,87.8161,0.03479,3.0551,78.7,81.7,84.8,87.8,90.9,93.9,97.0,
length_height_for_age,boys,2-5,24.0,1.0,87.1161,0.03507,3.0551,78.0,81.0,84.1,87.1,90.2,93.2,96.3,
length_height_for_age,boys,2-5,25.0,1.0,87.972,0.03542,3.116,78.6,81.7,84.9,88.0,91.1,94.2,97.3,
length_height_for_age,boys,2-5,26.0,1.0,88.8065,0.03576,3.1757,79.3,82.5,85.6,88.8,92.0,95.2,98.3,
length_height_for_age,boys,2-5,27.0,1.0,89.6197,0.0361,3.2353,79.9,83.1,86.4,89.6,92.9,96.1,99.3,
length_height_for_age,boys,2-5,28.0,1.0,90.412,0.03642,3.2928,80.5,83.8,87.1,90.4,93.7,97.0,100.3,
length_height_for_age,boys,2-5,29.0,1.0,91.1828,0.03674,3.3501,81.1,84.5,87.8,91.2,94.5,97.9,101.2,
length_height_for_age,boys,2-5,30.0,1.0,91.9327,0.03704,3.4052,81.7,85.1,88.5,91.9,95.3,98.7,102.1,
length_height_for_age,boys,2-5,31.0,1.0,92.6631,0.03733,3.4591,82.3,85.7,89.2,92.7,96.1,99.6,103.0,
length_height_for_age,boys,2-5,32.0,1.0,93.3753,0.03761,3.5118,82.8,86.4,89.9,93.4,96.9,100.4,103.9,
length_height_for_age,boys,2-5,33.0,1.0,94.0711,0.03787,3.5625,83.4,86.9,90.5,94.1,97.6,101.2,104.8,
length_height_for_age,boys,2-5,34.0,1.0,94.7532,0.03812,3.612,83.9,87.5,91.1,94.8,98.4,102.0,105.6,
length_height_for_age,boys,2-5,35.0,1.0,95.4236,0.03836,3.6604,84.4,88.1,91.8,95.4,99.1,102.7,106.4,
length_height_for_age,boys,2-5,36.0,1.0,96.0835,0.03858,3.7069,85.0,88.7,92.4,96.1,99.8,103.5,107.2,
length_height_for_age,boys,2-5,37.0,1.0,96.7337,0.03879,3.7523,85.5,89.2,93.0,96.7,100.5,104.2,108.0,
length_height_for_age,boys,2-5,38.0,1.0,97.3749,0.039,3.7976,86.0,89.8,93.6,97.4,101.2,105.0,108.8,
length_height_for_age,boys,2-5,39.0,1.0,98.0073,0.03919,3.8409,86.5,90.3,94.2,98.0,101.8,105.7,109.5,
length_height_for_age,boys,2-5,40.0,1.0,98.631,0.03937,3.8831,87.0,90.9,94.7,98.6,102.5,106.4,110.3,
length_height_for_age,boys,2-5,41.0,1.0,99.2459,0.03954,3.9242,87.5,91.4,95.3,99.2,103.2,107.1,111.0,
length_height_for_age,boys,2-5,42.0,1.0,99.8515,0.03971,3.9651,88.0,91.9,95.9,99.9,103.8,107.8,111.7,
length_height_for_age,boys,2-5,43.0,1.0,100.4485,0.03986,4.0039,88.4,92.4,96.4,100.4,104.5,108.5,112.5,
length_height_for_age,boys,2-5,44.0,1.0,101.0374,0.04002,4.0435,88.9,93.0,97.0,101.0,105.1,109.1,113.2,
length_height_for_age,boys,2-5,45.0,1.0,101.6186,0.04016,4.081,89.4,93.5,97.5,101.6,105.7,109.8,113.9,
length_height_for_age,boys,2-5,46.0,1.0,102.1933,0.04031,4.1194,89.8,94.0,98.1,102.2,106.3,110.4,114.6,
length_height_for_age,boys,2-5,47.0,1.0,102.7625,0.04045,4.1567,90.3,94.4,98.6,102.8,106.9,111.1,115.2,
length_height_for_age,boys,2-5,48.0,1.0,103.3273,0.04059,4.1941,90.7,94.9,99.1,103.3,107.5,111.7,115.9,
length_height_for_age,boys,2-5,49.0,1.0,103.8886,0.04073,4.2314,91.2,95.4,99.7,103.9,108.1,112.4,116.6,
length_height_for_age,boys,2-5,50.0,1.0,104.4473,0.04086,4.2677,91.6,95.9,100.2,104.4,108.7,113.0,117.3,
length_height_for_age,boys,2-5,51.0,1.0,105.0041,0.041,4.3052,92.1,96.4,100.7,105.0,109.3,113.6,117.9,
length_height_for_age,boys,2-5,52.0,1.0,105.5596,0.04113,4.3417,92.5,96.9,101.2,105.6,109.9,114.2,118.6,
length_height_for_age,boys,2-5,53.0,1.0,106.1138,0.04126,4.3783,93.0,97.4,101.7,106.1,110.5,114.9,119.2,
length_height_for_age,boys,2-5,54.0,1.0,106.6668,0.04139,4.4149,93.4,97.8,102.3,106.7,111.1,115.5,119.9,
length_height_for_age,boys,2-5,55.0,1.0,107.2188,0.04152,4.4517,93.9,98.3,102.8,107.2,111.7,116.1,120.6,
length_height_for_age,boys,2-5,56.0,1.0,107.7697,0.04165,4.4886,94.3,98.8,103.3,107.8,112.3,116.7,121.2,
length_height_for_age,boys,2-5,57.0,1.0,108.3198,0.04177,4.5245,94.7,99.3,103.8,108.3,112.8,117.4,121.9,
length_height_for_age,boys,2-5,58.0,1.0,108.8689,0.0419,4.5616,95.2,99.7,104.3,108.9,113.4,118.0,122.6,
length_height_for_age,boys,2-5,59.0,1.0,109.417,0.04202,4.5977,95.6,100.2,104.8,109.4,114.0,118.6,123.2,
length_height_for_age,boys,2-5,60.0,1.0,109.9638,0.04214,4.6339,96.1,100.7,105.3,110.0,114.6,119.2,123.9,
length_height_for_age,girls,0-2,0.0,1.0,49.1477,0.0379,1.8627,43.6,45.4,47.3,49.1,51.0,52.9,54.7,
length_height_for_age,girls,0-2,1.0,1.0,53.6872,0.0364,1.9542,47.8,49.8,51.7,53.7,55.6,57.6,59.5,
length_height_for_age,girls,0-2,2.0,1.0,57.0673,0.03568,2.0362,51.0,53.0,55.0,57.1,59.1,61.1,63.2,
length_height_for_age,girls,0-2,3.0,1.0,59.8029,0.0352,2.1051,53.5,55.6,57.7,59.8,61.9,64.0,66.1,
length_height_for_age,girls,0-2,4.0,1.0,62.0899,0.03486,2.1645,55.6,57.8,59.9,62.1,64.3,66.4,68.6,
length_height_for_age,girls,0-2,5.0,1.0,64.0301,0.03463,2.2174,57.4,59.6,61.8,64.0,66.2,68.5,70.7,
length_height_for_age,girls,0-2,6.0,1.0,65.7311,0.03448,2.2664,58.9,61.2,63.5,65.7,68.0,70.3,72.5,
length_height_for_age,girls,0-2,7.0,1.0,67.2873,0.03441,2.3154,60.3,62.7,65.0,67.3,69.6,71.9,74.2,
length_height_for_age,girls,0-2,8.0,1.0,68.7498,0.0344,2.365,61.7,64.0,66.4,68.7,71.1,73.5,75.8,
length_height_for_age,girls,0-2,9.0,1.0,70.1435,0.03444,2.4157,62.9,65.3,67.7,70.1,72.6,75.0,77.4,
length_height_for_age,girls,0-2,10.0,1.0,71.4818,0.03452,2.4676,64.1,66.5,69.0,71.5,73.9,76.4,78.9,
length_height_for_age,girls,0-2,11.0,1.0,72.771,0.03464,2.5208,65.2,67.7,70.3,72.8,75.3,77.8,80.3,
length_height_for_age,girls,0-2,12.0,1.0,74.015,0.03479,2.575,66.3,68.9,71.4,74.0,76.6,79.2,81.7,
length_height_for_age,girls,0-2,13.0,1.0,75.2176,0.03496,2.6296,67.3,70.0,72.6,75.2,77.8,80.5,83.1,
length_height_for_age,girls,0-2,14.0,1.0,76.3817,0.03514,2.6841,68.3,71.0,73.7,76.4,79.1,81.7,84.4,
length_height_for_age,girls,0-2,15.0,1.0,77.5099,0.03534,2.7392,69.3,72.0,74.8,77.5,80.2,83.0,85.7,
length_height_for_age,girls,0-2,16.0,1.0,78.6055,0.03555,2.7944,70.2,73.0,75.8,78.6,81.4,84.2,87.0,
length_height_for_age,girls,0-2,17.0,1.0,79.671,0.03576,2.849,71.1,74.0,76.8,79.7,82.5,85.4,88.2,
length_height_for_age,girls,0-2,18.0,1.0,80.7079,0.03598,2.9039,72.0,74.9,77.8,80.7,83.6,86.5,89.4,
length_height_for_age,girls,0-2,19.0,1.0,81.7182,0.0362,2.9582,72.8,75.8,78.8,81.7,84.7,87.6,90.6,
length_height_for_age,girls,0-2,20.0,1.0,82.7036,0.03643,3.0129,73.7,76.7,79.7,82.7,85.7,88.7,91.7,
length_height_for_age,girls,0-2,21.0,1.0,83.6654,0.03666,3.0672,74.5,77.5,80.6,83.7,86.7,89.8,92.9,
length_height_for_age,girls,0-2,22.0,1.0,84.604,0.03688,3.1202,75.2,78.4,81.5,84.6,87.7,90.8,94.0,
length_height_for_age,girls,0-2,23.0,1.0,85.5202,0.03711,3.1737,76.0,79.2,82.3,85.5,88.7,91.9,95.0,
length_height_for_age,girls,0-2,24.0,1.0,86.4153,0.03734,3.2267,76.7,80.0,83.2,86.4,89.6,92.9,96.1,
length_height_for_age,girls,2-5,24.0,1.0,85.7153,0.03764,3.2267,76.0,79.3,82.5,85.7,88.9,92.2,95.4,
length_height_for_age,girls,2-5,25.0,1.0,86.5904,0.03786,3.2783,76.8,80.0,83.3,86.6,89.9,93.1,96.4,
length_height_for_age,girls,2-5,26.0,1.0,87.4462,0.03808,3.33,77.5,80.8,84.1,87.4,90.8,94.1,97.4,
length_height_for_age,girls,2-5,27.0,1.0,88.283,0.0383,3.3812,78.1,81.5,84.9,88.3,91.7,95.0,98.4,
length_height_for_age,girls,2-5,28.0,1.0,89.1004,0.03851,3.4313,78.8,82.2,85.7,89.1,92.5,96.0,99.4,
length_height_for_age,girls,2-5,29.0,1.0,89.8991,0.03872,3.4809,79.5,82.9,86.4,89.9,93.4,96.9,100.3,
length_height_for_age,girls,2-5,30.0,1.0,90.6797,0.03893,3.5302,80.1,83.6,87.1,90.7,94.2,97.7,101.3,
length_height_for_age,girls,2-5,31.0,1.0,91.443,0.03913,3.5782,80.7,84.3,87.9,91.4,95.0,98.6,102.2,
length_height_for_age,girls,2-5,32.0,1.0,92.1906,0.03933,3.6259,81.3,84.9,88.6,92.2,95.8,99.4,103.1,
length_height_for_age,girls,2-5,33.0,1.0,92.9239,0.03952,3.6724,81.9,85.6,89.3,92.9,96.6,100.3,103.9,
length_height_for_age,girls,2-5,34.0,1.0,93.6444,0.03971,3.7186,82.5,86.2,89.9,93.6,97.4,101.1,104.8,
length_height_for_age,girls,2-5,35.0,1.0,94.3533,0.03989,3.7638,83.1,86.8,90.6,94.4,98.1,101.9,105.6,
length_height_for_age,girls,2-5,36.0,1.0,95.0515,0.04006,3.8078,83.6,87.4,91.2,95.1,98.9,102.7,106.5,
length_height_for_age,girls,2-5,37.0,1.0,95.7399,0.04024,3.8526,84.2,88.0,91.9,95.7,99.6,103.4,107.3,
length_height_for_age,girls,2-5,38.0,1.0,96.4187,0.04041,3.8963,84.7,88.6,92.5,96.4,100.3,104.2,108.1,
length_height_for_age,girls,2-5,39.0,1.0,97.0885,0.04057,3.9389,85.3,89.2,93.1,97.1,101.0,105.0,108.9,
length_height_for_age,girls,2-5,40.0,1.0,97.7493,0.04073,3.9813,85.8,89.8,93.8,97.7,101.7,105.7,109.7,
length_height_for_age,girls,2-5,41.0,1.0,98.4015,0.04089,4.0236,86.3,90.4,94.4,98.4,102.4,106.4,110.5,
length_height_for_age,girls,2-5,42.0,1.0,99.0448,0.04105,4.0658,86.8,90.9,95.0,99.0,103.1,107.2,111.2,
length_height_for_age,girls,2-5,43.0,1.0,99.6795,0.0412,4.1068,87.4,91.5,95.6,99.7,103.8,107.9,112.0,
length_height_for_age,girls,2-5,44.0,1.0,100.3058,0.04135,4.1476,87.9,92.0,96.2,100.3,104.5,108.6,112.7,
length_height_for_age,girls,2-5,45.0,1.0,100.9238,0.0415,4.1883,88.4,92.5,96.7,100.9,105.1,109.3,113.5,
length_height_for_age,girls,2-5,46.0,1.0,101.5337,0.04164,4.2279,88.9,93.1,97.3,101.5,105.8,110.0,114.2,
length_height_for_age,girls,2-5,47.0,1.0,102.136,0.04179,4.2683,89.3,93.6,97.9,102.1,106.4,110.7,114.9,
length_height_for_age,girls,2-5,48.0,1.0,102.7312,0.04193,4.3075,89.8,94.1,98.4,102.7,107.0,111.3,115.7,
length_height_for_age,girls,2-5,49.0,1.0,103.3197,0.04206,4.3456,90.3,94.6,99.0,103.3,107.7,112.0,116.4,
length_height_for_age,girls,2-5,50.0,1.0,103.9021,0.0422,4.3847,90.7,95.1,99.5,103.9,108.3,112.7,117.1,
length_height_for_age,girls,2-5,51.0,1.0,104.4786,0.04233,4.4226,91.2,95.6,100.1,104.5,108.9,113.3,117.7,
length_height_for_age,girls,2-5,52.0,1.0,105.0494,0.04246,4.4604,91.7,96.1,100.6,105.0,109.5,114.0,118.4,
length_height_for_age,girls,2-5,53.0,1.0,105.6148,0.04259,4.4981,92.1,96.6,101.1,105.6,110.1,114.6,119.1,
length_height_for_age,girls,2-5,54.0,1.0,106.1748,0.04272,4.5358,92.6,97.1,101.6,106.2,110.7,115.2,119.8,
length_height_for_age,girls,2-5,55.0,1.0,106.7295,0.04285,4.5734,93.0,97.6,102.2,106.7,111.3,115.9,120.4,
length_height_for_age,girls,2-5,56.0,1.0,107.2788,0.04298,4.6108,93.4,98.1,102.7,107.3,111.9,116.5,121.1,
length_height_for_age,girls,2-5,57.0,1.0,107.8227,0.0431,4.6472,93.9,98.5,103.2,107.8,112.5,117.1,121.8,
length_height_for_age,girls,2-5,58.0,1.0,108.3613,0.04322,4.6834,94.3,99.0,103.7,108.4,113.0,117.7,122.4,
length_height_for_age,girls,2-5,59.0,1.0,108.8948,0.04334,4.7195,94.7,99.5,104.2,108.9,113.6,118.3,123.1,
length_height_for_age,girls,2-5,60.0,1.0,109.4233,0.04347,4.7566,95.2,99.9,104.7,109.4,114.2,118.9,123.7,
weight_for_age,boys,0-5,0.0,0.3487,3.3464,0.14602,,2.1,2.5,2.9,3.3,3.9,4.4,5.0,
weight_for_age,boys,0-5,1.0,0.2297,4.4709,0.13395,,2.9,3.4,3.9,4.5,5.1,5.8,6.6,
weight_for_age,boys,0-5,2.0,0.197,5.5675,0.12385,,3.8,4.3,4.9,5.6,6.3,7.1,8.0,
weight_for_age,boys,0-5,3.0,0.1738,6.3762,0.11727,,4.4,5.0,5.7,6.4,7.2,8.0,9.0,
weight_for_age,boys,0-5,4.0,0.1553,7.0023,0.11316,,4.9,5.6,6.2,7.0,7.8,8.7,9.7,
weight_for_age,boys,0-5,5.0,0.1395,7.5105,0.1108,,5.3,6.0,6.7,7.5,8.4,9.3,10.4,
weight_for_age,boys,0-5,6.0,0.1257,7.934,0.10958,,5.7,6.4,7.1,7.9,8.8,9.8,10.9,
weight_for_age,boys,0-5,7.0,0.1134,8.297,0.10902,,5.9,6.7,7.4,8.3,9.2,10.3,11.4,
weight_for_age,boys,0-5,8.0,0.1021,8.6151,0.10882,,6.2,6.9,7.7,8.6,9.6,10.7,11.9,
weight_for_age,boys,0-5,9.0,0.0917,8.9014,0.10881,,6.4,7.1,8.0,8.9,9.9,11.0,12.3,
weight_for_age,boys,0-5,10.0,0.082,9.1649,0.10891,,6.6,7.4,8.2,9.2,10.2,11.4,12.7,
weight_for_age,boys,0-5,11.0,0.073,9.4122,0.10906,,6.8,7.6,8.4,9.4,10.5,11.7,13.0,
weight_for_age,boys,0-5,12.0,0.0644,9.6479,0.10925,,6.9,7.7,8.6,9.6,10.8,12.0,13.3,
weight_for_age,boys,0-5,13.0,0.0563,9.8749,0.10949,,7.1,7.9,8.8,9.9,11.0,12.3,13.7,
weight_for_age,boys,0-5,14.0,0.0487,10.0953,0.10976,,7.2,8.1,9.0,10.1,11.3,12.6,14.0,
weight_for_age,boys,0-5,15.0,0.0413,10.3108,0.11007,,7.4,8.3,9.2,10.3,11.5,12.8,14.3,
weight_for_age,boys,0-5,16.0,0.0343,10.5228,0.11041,,7.5,8.4,9.4,10.5,11.7,13.1,14.6,
weight_for_age,boys,0-5,17.0,0.0275,10.7319,0.11079,,7.7,8.6,9.6,10.7,12.0,13.4,14.9,
weight_for_age,boys,0-5,18.0,0.0211,10.9385,0.11119,,7.8,8.8,9.8,10.9,12.2,13.7,15.3,
weight_for_age,boys,0-5,19.0,0.0148,11.143,0.11164,,8.0,8.9,10.0,11.1,12.5,13.9,15.6,
weight_for_age,boys,0-5,20.0,0.0087,11.3462,0.11211,,8.1,9.1,10.1,11.3,12.7,14.2,15.9,
weight_for_age,boys,0-5,21.0,0.0029,11.5486,0.11261,,8.2,9.2,10.3,11.5,12.9,14.5,16.2,
weight_for_age,boys,0-5,22.0,-0.0028,11.7504,0.11314,,8.4,9.4,10.5,11.8,13.2,14.7,16.5,
weight_for_age,boys,0-5,23.0,-0.0083,11.9514,0.11369,,8.5,9.5,10.7,12.0,13.4,15.0,16.8,
weight_for_age,boys,0-5,24.0,-0.0137,12.1515,0.11426,,8.6,9.7,10.8,12.2,13.6,15.3,17.1,
weight_for_age,boys,0-5,25.0,-0.0189,12.3502,0.11485,,8.8,9.8,11.0,12.4,13.9,15.5,17.5,
weight_for_age,boys,0-5,26.0,-0.024,12.5466,0.11544,,8.9,10.0,11.2,12.5,14.1,15.8,17.8,
weight_for_age,boys,0-5,27.0,-0.0289,12.7401,0.11604,,9.0,10.1,11.3,12.7,14.3,16.1,18.1,
weight_for_age,boys,0-5,28.0,-0.0337,12.9303,0.11664,,9.1,10.2,11.5,12.9,14.5,16.3,18.4,
weight_for_age,boys,0-5,29.0,-0.0385,13.1169,0.11723,,9.2,10.4,11.7,13.1,14.8,16.6,18.7,
weight_for_age,boys,0-5,30.0,-0.0431,13.3,0.11781,,9.4,10.5,11.8,13.3,15.0,16.9,19.0,
weight_for_age,boys,0-5,31.0,-0.0476,13.4798,0.11839,,9.5,10.7,12.0,13.5,15.2,17.1,19.3,
weight_for_age,boys,0-5,32.0,-0.052,13.6567,0.11896,,9.6,10.8,12.1,13.7,15.4,17.4,19.6,
weight_for_age,boys,0-5,33.0,-0.0564,13.8309,0.11953,,9.7,10.9,12.3,13.8,15.6,17.6,19.9,
weight_for_age,boys,0-5,34.0,-0.0606,14.0031,0.12008,,9.8,11.0,12.4,14.0,15.8,17.8,20.2,
weight_for_age,boys,0-5,35.0,-0.0648,14.1736,0.12062,,9.9,11.2,12.6,14.2,16.0,18.1,20.4,
weight_for_age,boys,0-5,36.0,-0.0689,14.3429,0.12116,,10.0,11.3,12.7,14.3,16.2,18.3,20.7,
weight_for_age,boys,0-5,37.0,-0.0729,14.5113,0.12168,,10.1,11.4,12.9,14.5,16.4,18.6,21.0,
weight_for_age,boys,0-5,38.0,-0.0769,14.6791,0.1222,,10.2,11.5,13.0,14.7,16.6,18.8,21.3,
weight_for_age,boys,0-5,39.0,-0.0808,14.8466,0.12271,,10.3,11.6,13.1,14.8,16.8,19.0,21.6,
weight_for_age,boys,0-5,40.0,-0.0846,15.014,0.12322,,10.4,11.8,13.3,15.0,17.0,19.3,21.9,
weight_for_age,boys,0-5,41.0,-0.0883,15.1813,0.12373,,10.5,11.9,13.4,15.2,17.2,19.5,22.1,
weight_for_age,boys,0-5,42.0,-0.092,15.3486,0.12425,,10.6,12.0,13.6,15.3,17.4,19.7,22.4,
weight_for_age,boys,0-5,43.0,-0.0957,15.5158,0.12478,,10.7,12.1,13.7,15.5,17.6,20.0,22.7,
weight_for_age,boys,0-5,44.0,-0.0993,15.6828,0.12531,,10.8,12.2,13.8,15.7,17.8,20.2,23.0,
weight_for_age,boys,0-5,45.0,-0.1028,15.8497,0.12586,,10.9,12.4,14.0,15.8,18.0,20.5,23.3,
weight_for_age,boys,0-5,46.0,-0.1063,16.0163,0.12643,,11.0,12.5,14.1,16.0,18.2,20.7,23.6,
weight_for_age,boys,0-5,47.0,-0.1097,16.1827,0.127,,11.1,12.6,14.3,16.2,18.4,20.9,23.9,
weight_for_age,boys,0-5,48.0,-0.1131,16.3489,0.12759,,11.2,12.7,14.4,16.3,18.6,21.2,24.2,
weight_for_age,boys,0-5,49.0,-0.1165,16.515,0.12819,,11.3,12.8,14.5,16.5,18.8,21.4,24.5,
weight_for_age,boys,0-5,50.0,-0.1198,16.6811,0.1288,,11.4,12.9,14.7,16.7,19.0,21.7,24.8,
weight_for_age,boys,0-5,51.0,-0.123,16.8471,0.12943,,11.5,13.1,14.8,16.8,19.2,21.9,25.1,
weight_for_age,boys,0-5,52.0,-0.1262,17.0132,0.13005,,11.6,13.2,15.0,17.0,19.4,22.2,25.4,
weight_for_age,boys,0-5,53.0,-0.1294,17.1792,0.13069,,11.7,13.3,15.1,17.2,19.6,22.4,25.7,
weight_for_age,boys,0-5,54.0,-0.1325,17.3452,0.13133,,11.8,13.4,15.2,17.3,19.8,22.7,26.0,
weight_for_age,boys,0-5,55.0,-0.1356,17.5111,0.13197,,11.9,13.5,15.4,17.5,20.0,22.9,26.3,
weight_for_age,boys,0-5,56.0,-0.1387,17.6768,0.13261,,12.0,13.6,15.5,17.7,20.2,23.2,26.6,
weight_for_age,boys,0-5,57.0,-0.1417,17.8422,0.13325,,12.1,13.7,15.6,17.8,20.4,23.4,26.9,
weight_for_age,boys,0-5,58.0,-0.1447,18.0073,0.13389,,12.2,13.8,15.8,18.0,20.6,23.7,27.2,
weight_for_age,boys,0-5,59.0,-0.1477,18.1722,0.13453,,12.3,14.0,15.9,18.2,20.8,23.9,27.6,
weight_for_age,boys,0-5,60.0,-0.1506,18.3366,0.13517,,12.4,14.1,16.0,18.3,21.0,24.2,27.9,
weight_for_age,girls,0-5,0.0,0.3809,3.2322,0.14171,,2.0,2.4,2.8,3.2,3.7,4.2,4.8,
weight_for_age,girls,0-5,1.0,0.1714,4.1873,0.13724,,2.7,3.2,3.6,4.2,4.8,5.5,6.2,
weight_for_age,girls,0-5,2.0,0.0962,5.1282,0.13,,3.4,3.9,4.5,5.1,5.8,6.6,7.5,
weight_for_age,girls,0-5,3.0,0.0402,5.8458,0.12619,,4.0,4.5,5.2,5.8,6.6,7.5,8.5,
weight_for_age,girls,0-5,4.0,-0.005,6.4237,0.12402,,4.4,5.0,5.7,6.4,7.3,8.2,9.3,
weight_for_age,girls,0-5,5.0,-0.043,6.8985,0.12274,,4.8,5.4,6.1,6.9,7.8,8.8,10.0,
weight_for_age,girls,0-5,6.0,-0.0756,7.297,0.12204,,5.1,5.7,6.5,7.3,8.2,9.3,10.6,
weight_for_age,girls,0-5,7.0,-0.1039,7.6422,0.12178,,5.3,6.0,6.8,7.6,8.6,9.8,11.1,
weight_for_age,girls,0-5,8.0,-0.1288,7.9487,0.12181,,5.6,6.3,7.0,7.9,9.0,10.2,11.6,
weight_for_age,girls,0-5,9.0,-0.1507,8.2254,0.12199,,5.8,6.5,7.3,8.2,9.3,10.5,12.0,
weight_for_age,girls,0-5,10.0,-0.17,8.48,0.12223,,5.9,6.7,7.5,8.5,9.6,10.9,12.4,
weight_for_age,girls,0-5,11.0,-0.1872,8.7192,0.12247,,6.1,6.9,7.7,8.7,9.9,11.2,12.8,
weight_for_age,girls,0-5,12.0,-0.2024,8.9481,0.12268,,6.3,7.0,7.9,8.9,10.1,11.5,13.1,
weight_for_age,girls,0-5,13.0,-0.2158,9.1699,0.12283,,6.4,7.2,8.1,9.2,10.4,11.8,13.5,
weight_for_age,girls,0-5,14.0,-0.2278,9.387,0.12294,,6.6,7.4,8.3,9.4,10.6,12.1,13.8,
weight_for_age,girls,0-5,15.0,-0.2384,9.6008,0.12299,,6.7,7.6,8.5,9.6,10.9,12.4,14.1,
weight_for_age,girls,0-5,16.0,-0.2478,9.8124,0.12303,,6.9,7.7,8.7,9.8,11.1,12.6,14.5,
weight_for_age,girls,0-5,17.0,-0.2562,10.0226,0.12306,,7.0,7.9,8.9,10.0,11.4,12.9,14.8,
weight_for_age,girls,0-5,18.0,-0.2637,10.2315,0.12309,,7.2,8.1,9.1,10.2,11.6,13.2,15.1,
weight_for_age,girls,0-5,19.0,-0.2703,10.4393,0.12315,,7.3,8.2,9.2,10.4,11.8,13.5,15.4,
weight_for_age,girls,0-5,20.0,-0.2762,10.6464,0.12323,,7.5,8.4,9.4,10.6,12.1,13.7,15.7,
weight_for_age,girls,0-5,21.0,-0.2815,10.8534,0.12335,,7.6,8.6,9.6,10.9,12.3,14.0,16.0,
weight_for_age,girls,0-5,22.0,-0.2862,11.0608,0.1235,,7.8,8.7,9.8,11.1,12.5,14.3,16.4,
weight_for_age,girls,0-5,23.0,-0.2903,11.2688,0.12369,,7.9,8.9,10.0,11.3,12.8,14.6,16.7,
weight_for_age,girls,0-5,24.0,-0.2941,11.4775,0.1239,,8.1,9.0,10.2,11.5,13.0,14.8,17.0,
weight_for_age,girls,0-5,25.0,-0.2975,11.6864,0.12414,,8.2,9.2,10.3,11.7,13.3,15.1,17.3,
weight_for_age,girls,0-5,26.0,-0.3005,11.8947,0.12441,,8.4,9.4,10.5,11.9,13.5,15.4,17.7,
weight_for_age,girls,0-5,27.0,-0.3032,12.1015,0.12472,,8.5,9.5,10.7,12.1,13.7,15.7,18.0,
weight_for_age,girls,0-5,28.0,-0.3057,12.3059,0.12506,,8.6,9.7,10.9,12.3,14.0,16.0,18.3,
weight_for_age,girls,0-5,29.0,-0.308,12.5073,0.12545,,8.8,9.8,11.1,12.5,14.2,16.2,18.7,
weight_for_age,girls,0-5,30.0,-0.3101,12.7055,0.12587,,8.9,10.0,11.2,12.7,14.4,16.5,19.0,
weight_for_age,girls,0-5,31.0,-0.312,12.9006,0.12633,,9.0,10.1,11.4,12.9,14.7,16.8,19.3,
weight_for_age,girls,0-5,32.0,-0.3138,13.093,0.12683,,9.1,10.3,11.6,13.1,14.9,17.1,19.6,
weight_for_age,girls,0-5,33.0,-0.3155,13.2837,0.12737,,9.3,10.4,11.7,13.3,15.1,17.3,20.0,
weight_for_age,girls,0-5,34.0,-0.3171,13.4731,0.12794,,9.4,10.5,11.9,13.5,15.4,17.6,20.3,
weight_for_age,girls,0-5,35.0,-0.3186,13.6618,0.12855,,9.5,10.7,12.0,13.7,15.6,17.9,20.6,
weight_for_age,girls,0-5,36.0,-0.3201,13.8503,0.12919,,9.6,10.8,12.2,13.9,15.8,18.1,20.9,
weight_for_age,girls,0-5,37.0,-0.3216,14.0385,0.12988,,9.7,10.9,12.4,14.0,16.0,18.4,21.3,
weight_for_age,girls,0-5,38.0,-0.323,14.2265,0.13059,,9.8,11.1,12.5,14.2,16.3,18.7,21.6,
weight_for_age,girls,0-5,39.0,-0.3243,14.414,0.13135,,9.9,11.2,12.7,14.4,16.5,19.0,22.0,
weight_for_age,girls,0-5,40.0,-0.3257,14.601,0.13213,,10.1,11.3,12.8,14.6,16.7,19.2,22.3,
weight_for_age,girls,0-5,41.0,-0.327,14.7873,0.13293,,10.2,11.5,13.0,14.8,16.9,19.5,22.7,
weight_for_age,girls,0-5,42.0,-0.3283,14.9727,0.13376,,10.3,11.6,13.1,15.0,17.2,19.8,23.0,
weight_for_age,girls,0-5,43.0,-0.3296,15.1573,0.1346,,10.4,11.7,13.3,15.2,17.4,20.1,23.4,
weight_for_age,girls,0-5,44.0,-0.3309,15.341,0.13545,,10.5,11.8,13.4,15.3,17.6,20.4,23.7,
weight_for_age,girls,0-5,45.0,-0.3322,15.524,0.1363,,10.6,12.0,13.6,15.5,17.8,20.7,24.1,
weight_for_age,girls,0-5,46.0,-0.3335,15.7064,0.13716,,10.7,12.1,13.7,15.7,18.1,20.9,24.5,
weight_for_age,girls,0-5,47.0,-0.3348,15.8882,0.138,,10.8,12.2,13.9,15.9,18.3,21.2,24.8,
weight_for_age,girls,0-5,48.0,-0.3361,16.0697,0.13884,,10.9,12.3,14.0,16.1,18.5,21.5,25.2,
weight_for_age,girls,0-5,49.0,-0.3374,16.2511,0.13968,,11.0,12.4,14.2,16.3,18.8,21.8,25.5,
weight_for_age,girls,0-5,50.0,-0.3387,16.4322,0.14051,,11.1,12.6,14.3,16.4,19.0,22.1,25.9,
weight_for_age,girls,0-5,51.0,-0.34,16.6133,0.14132,,11.2,12.7,14.5,16.6,19.2,22.4,26.3,
weight_for_age,girls,0-5,52.0,-0.3414,16.7942,0.14213,,11.3,12.8,14.6,16.8,19.4,22.6,26.6,
weight_for_age,girls,0-5,53.0,-0.3427,16.9748,0.14293,,11.4,12.9,14.8,17.0,19.7,22.9,27.0,
weight_for_age,girls,0-5,54.0,-0.344,17.1551,0.14371,,11.5,13.0,14.9,17.2,19.9,23.2,27.4,
weight_for_age,girls,0-5,55.0,-0.3453,17.3347,0.14448,,11.6,13.2,15.1,17.3,20.1,23.5,27.7,
weight_for_age,girls,0-5,56.0,-0.3466,17.5136,0.14525,,11.7,13.3,15.2,17.5,20.3,23.8,28.1,
weight_for_age,girls,0-5,57.0,-0.3479,17.6916,0.146,,11.8,13.4,15.3,17.7,20.6,24.1,28.5,
weight_for_age,girls,0-5,58.0,-0.3492,17.8686,0.14675,,11.9,13.5,15.5,17.9,20.8,24.4,28.8,
weight_for_age,girls,0-5,59.0,-0.3505,18.0445,0.14748,,12.0,13.6,15.6,18.0,21.0,24.6,29.2,
weight_for_age,girls,0-5,60.0,-0.3518,18.2193,0.14821,,12.1,13.7,15.8,18.2,21.2,24.9,29.5,
weight_for_height,boys,2-5,,-0.3521,7.4327,0.08217,,5.9,6.3,6.9,7.4,8.1,8.8,9.6,65.0
weight_for_height,boys,2-5,,-0.3521,7.5504,0.08214,,6.0,6.4,7.0,7.6,8.2,8.9,9.8,65.5
weight_for_height,boys,2-5,,-0.3521,7.6673,0.08212,,6.1,6.5,7.1,7.7,8.3,9.1,9.9,66.0
weight_for_height,boys,2-5,,-0.3521,7.7834,0.08212,,6.1,6.6,7.2,7.8,8.5,9.2,10.1,66.5
weight_for_height,boys,2-5,,-0.3521,7.8986,0.08213,,6.2,6.7,7.3,7.9,8.6,9.4,10.2,67.0
weight_for_height,boys,2-5,,-0.3521,8.0132,0.08214,,6.3,6.8,7.4,8.0,8.7,9.5,10.4,67.5
weight_for_height,boys,2-5,,-0.3521,8.1272,0.08217,,6.4,6.9,7.5,8.1,8.8,9.6,10.5,68.0
weight_for_height,boys,2-5,,-0.3521,8.241,0.08221,,6.5,7.0,7.6,8.2,9.0,9.8,10.7,68.5
weight_for_height,boys,2-5,,-0.3521,8.3547,0.08226,,6.6,7.1,7.7,8.4,9.1,9.9,10.8,69.0
weight_for_height,boys,2-5,,-0.3521,8.468,0.08231,,6.7,7.2,7.8,8.5,9.2,10.0,11.0,69.5
weight_for_height,boys,2-5,,-0.3521,8.5808,0.08237,,6.8,7.3,7.9,8.6,9.3,10.2,11.1,70.0
weight_for_height,boys,2-5,,-0.3521,8.6927,0.08243,,6.9,7.4,8.0,8.7,9.5,10.3,11.3,70.5
weight_for_height,boys,2-5,,-0.3521,8.8036,0.0825,,6.9,7.5,8.1,8.8,9.6,10.4,11.4,71.0
weight_for_height,boys,2-5,,-0.3521,8.9135,0.08257,,7.0,7.6,8.2,8.9,9.7,10.6,11.6,71.5
weight_for_height,boys,2-5,,-0.3521,9.0221,0.08264,,7.1,7.7,8.3,9.0,9.8,10.7,11.7,72.0
weight_for_height,boys,2-5,,-0.3521,9.1292,0.08272,,7.2,7.8,8.4,9.1,9.9,10.8,11.8,72.5
weight_for_height,boys,2-5,,-0.3521,9.2347,0.08278,,7.3,7.9,8.5,9.2,10.0,11.0,12.0,73.0
weight_for_height,boys,2-5,,-0.3521,9.339,0.08285,,7.4,7.9,8.6,9.3,10.2,11.1,12.1,73.5
weight_for_height,boys,2-5,,-0.3521,9.442,0.08292,,7.4,8.0,8.7,9.4,10.3,11.2,12.2,74.0
weight_for_height,boys,2-5,,-0.3521,9.5438,0.08298,,7.5,8.1,8.8,9.5,10.4,11.3,12.4,74.5
weight_for_height,boys,2-5,,-0.3521,9.644,0.08303,,7.6,8.2,8.9,9.6,10.5,11.4,12.5,75.0
weight_for_height,boys,2-5,,-0.3521,9.7425,0.08308,,7.7,8.3,9.0,9.7,10.6,11.6,12.6,75.5
weight_for_height,boys,2-5,,-0.3521,9.8392,0.08312,,7.7,8.4,9.1,9.8,10.7,11.7,12.8,76.0
weight_for_height,boys,2-5,,-0.3521,9.9341,0.08315,,7.8,8.5,9.2,9.9,10.8,11.8,12.9,76.5
weight_for_height,boys,2-5,,-0.3521,10.0274,0.08317,,7.9,8.5,9.2,10.0,10.9,11.9,13.0,77.0
weight_for_height,boys,2-5,,-0.3521,10.1194,0.08318,,8.0,8.6,9.3,10.1,11.0,12.0,13.1,77.5
weight_for_height,boys,2-5,,-0.3521,10.2105,0.08317,,8.0,8.7,9.4,10.2,11.1,12.1,13.3,78.0
weight_for_height,boys,2-5,,-0.3521,10.3012,0.08315,,8.1,8.8,9.5,10.3,11.2,12.2,13.4,78.5
weight_for_height,boys,2-5,,-0.3521,10.3923,0.08311,,8.2,8.8,9.6,10.4,11.3,12.3,13.5,79.0
weight_for_height,boys,2-5,,-0.3521,10.4845,0.08305,,8.3,8.9,9.7,10.5,11.4,12.4,13.6,79.5
weight_for_height,boys,2-5,,-0.3521,10.5781,0.08298,,8.3,9.0,9.7,10.6,11.5,12.6,13.7,80.0
weight_for_height,boys,2-5,,-0.3521,10.6737,0.0829,,8.4,9.1,9.8,10.7,11.6,12.7,13.8,80.5
weight_for_height,boys,2-5,,-0.3521,10.7718,0.08279,,8.5,9.2,9.9,10.8,11.7,12.8,14.0,81.0
weight_for_height,boys,2-5,,-0.3521,10.8728,0.08268,,8.6,9.3,10.0,10.9,11.8,12.9,14.1,81.5
weight_for_height,boys,2-5,,-0.3521,10.9772,0.08255,,8.7,9.3,10.1,11.0,11.9,13.0,14.2,82.0
weight_for_height,boys,2-5,,-0.3521,11.0851,0.08241,,8.7,9.4,10.2,11.1,12.1,13.1,14.4,82.5
weight_for_height,boys,2-5,,-0.3521,11.1966,0.08225,,8.8,9.5,10.3,11.2,12.2,13.3,14.5,83.0
weight_for_height,boys,2-5,,-0.3521,11.3114,0.08209,,8.9,9.6,10.4,11.3,12.3,13.4,14.6,83.5
weight_for_height,boys,2-5,,-0.3521,11.429,0.08191,,9.0,9.7,10.5,11.4,12.4,13.5,14.8,84.0
weight_for_height,boys,2-5,,-0.3521,11.549,0.08174,,9.1,9.9,10.7,11.5,12.5,13.7,14.9,84.5
weight_for_height,boys,2-5,,-0.3521,11.6707,0.08156,,9.2,10.0,10.8,11.7,12.7,13.8,15.1,85.0
weight_for_height,boys,2-5,,-0.3521,11.7937,0.08138,,9.3,10.1,10.9,11.8,12.8,13.9,15.2,85.5
weight_for_height,boys,2-5,,-0.3521,11.9173,0.08121,,9.4,10.2,11.0,11.9,12.9,14.1,15.4,86.0
weight_for_height,boys,2-5,,-0.3521,12.0411,0.08105,,9.5,10.3,11.1,12.0,13.1,14.2,15.5,86.5
weight_for_height,boys,2-5,,-0.3521,12.1645,0.0809,,9.6,10.4,11.2,12.2,13.2,14.4,15.7,87.0
weight_for_height,boys,2-5,,-0.3521,12.2871,0.08076,,9.7,10.5,11.3,12.3,13.3,14.5,15.8,87.5
weight_for_height,boys,2-5,,-0.3521,12.4089,0.08064,,9.8,10.6,11.5,12.4,13.5,14.7,16.0,88.0
weight_for_height,boys,2-5,,-0.3521,12.5298,0.08054,,9.9,10.7,11.6,12.5,13.6,14.8,16.1,88.5
weight_for_height,boys,2-5,,-0.3521,12.6495,0.08045,,10.0,10.8,11.7,12.6,13.7,14.9,16.3,89.0
weight_for_height,boys,2-5,,-0.3521,12.7683,0.08038,,10.1,10.9,11.8,12.8,13.9,15.1,16.4,89.5
weight_for_height,boys,2-5,,-0.3521,12.8864,0.08032,,10.2,11.0,11.9,12.9,14.0,15.2,16.6,90.0
weight_for_height,boys,2-5,,-0.3521,13.0038,0.08028,,10.3,11.1,12.0,13.0,14.1,15.3,16.7,90.5
weight_for_height,boys,2-5,,-0.3521,13.1209,0.08025,,10.4,11.2,12.1,13.1,14.2,15.5,16.9,91.0
weight_for_height,boys,2-5,,-0.3521,13.2376,0.08024,,10.5,11.3,12.2,13.2,14.4,15.6,17.0,91.5
weight_for_height,boys,2-5,,-0.3521,13.3541,0.08025,,10.6,11.4,12.3,13.4,14.5,15.8,17.2,92.0
weight_for_height,boys,2-5,,-0.3521,13.4705,0.08027,,10.7,11.5,12.4,13.5,14.6,15.9,17.3,92.5
weight_for_height,boys,2-5,,-0.3521,13.587,0.08031,,10.8,11.6,12.6,13.6,14.7,16.0,17.5,93.0
weight_for_height,boys,2-5,,-0.3521,13.7041,0.08036,,10.9,11.7,12.7,13.7,14.9,16.2,17.6,93.5
weight_for_height,boys,2-5,,-0.3521,13.8217,0.08043,,11.0,11.8,12.8,13.8,15.0,16.3,17.8,94.0
weight_for_height,boys,2-5,,-0.3521,13.9403,0.08051,,11.1,11.9,12.9,13.9,15.1,16.5,17.9,94.5
weight_for_height,boys,2-5,,-0.3521,14.06,0.0806,,11.1,12.0,13.0,14.1,15.3,16.6,18.1,95.0
weight_for_height,boys,2-5,,-0.3521,14.1811,0.08071,,11.2,12.1,13.1,14.2,15.4,16.7,18.3,95.5
weight_for_height,boys,2-5,,-0.3521,14.3037,0.08083,,11.3,12.2,13.2,14.3,15.5,16.9,18.4,96.0
weight_for_height,boys,2-5,,-0.3521,14.4282,0.08097,,11.4,12.3,13.3,14.4,15.7,17.0,18.6,96.5
weight_for_height,boys,2-5,,-0.3521,14.5547,0.08112,,11.5,12.4,13.4,14.6,15.8,17.2,18.8,97.0
weight_for_height,boys,2-5,,-0.3521,14.6832,0.08129,,11.6,12.5,13.6,14.7,15.9,17.4,18.9,97.5
weight_for_height,boys,2-5,,-0.3521,14.814,0.08146,,11.7,12.6,13.7,14.8,16.1,17.5,19.1,98.0
weight_for_height,boys,2-5,,-0.3521,14.9468,0.08165,,11.8,12.8,13.8,14.9,16.2,17.7,19.3,98.5
weight_for_height,boys,2-5,,-0.3521,15.0818,0.08185,,11.9,12.9,13.9,15.1,16.4,17.9,19.5,99.0
weight_for_height,boys,2-5,,-0.3521,15.2187,0.08206,,12.0,13.0,14.0,15.2,16.5,18.0,19.7,99.5
weight_for_height,boys,2-5,,-0.3521,15.3576,0.08229,,12.1,13.1,14.2,15.4,16.7,18.2,19.9,100.0
weight_for_height,boys,2-5,,-0.3521,15.4985,0.08252,,12.2,13.2,14.3,15.5,16.9,18.4,20.1,100.5
weight_for_height,boys,2-5,,-0.3521,15.6412,0.08277,,12.3,13.3,14.4,15.6,17.0,18.5,20.3,101.0
weight_for_height,boys,2-5,,-0.3521,15.7857,0.08302,,12.4,13.4,14.5,15.8,17.2,18.7,20.5,101.5
weight_for_height,boys,2-5,,-0.3521,15.932,0.08328,,12.5,13.6,14.7,15.9,17.3,18.9,20.7,102.0
weight_for_height,boys,2-5,,-0.3521,16.0801,0.08354,,12.6,13.7,14.8,16.1,17.5,19.1,20.9,102.5
weight_for_height,boys,2-5,,-0.3521,16.2298,0.08381,,12.8,13.8,14.9,16.2,17.7,19.3,21.1,103.0
weight_for_height,boys,2-5,,-0.3521,16.3812,0.08408,,12.9,13.9,15.1,16.4,17.8,19.5,21.3,103.5
weight_for_height,boys,2-5,,-0.3521,16.5342,0.08436,,13.0,14.0,15.2,16.5,18.0,19.7,21.6,104.0
weight_for_height,boys,2-5,,-0.3521,16.6889,0.08464,,13.1,14.2,15.4,16.7,18.2,19.9,21.8,104.5
weight_for_height,boys,2-5,,-0.3521,16.8454,0.08493,,13.2,14.3,15.5,16.8,18.4,20.1,22.0,105.0
weight_for_height,boys,2-5,,-0.3521,17.0036,0.08521,,13.3,14.4,15.6,17.0,18.5,20.3,22.2,105.5
weight_for_height,boys,2-5,,-0.3521,17.1637,0.08551,,13.4,14.5,15.8,17.2,18.7,20.5,22.5,106.0
weight_for_height,boys,2-5,,-0.3521,17.3256,0.0858,,13.5,14.7,15.9,17.3,18.9,20.7,22.7,106.5
weight_for_height,boys,2-5,,-0.3521,17.4894,0.08611,,13.7,14.8,16.1,17.5,19.1,20.9,22.9,107.0
weight_for_height,boys,2-5,,-0.3521,17.655,0.08641,,13.8,14.9,16.2,17.7,19.3,21.1,23.2,107.5
weight_for_height,boys,2-5,,-0.3521,17.8226,0.08673,,13.9,15.1,16.4,17.8,19.5,21.3,23.4,108.0
weight_for_height,boys,2-5,,-0.3521,17.9924,0.08704,,14.0,15.2,16.5,18.0,19.7,21.5,23.7,108.5
weight_for_height,boys,2-5,,-0.3521,18.1645,0.08736,,14.1,15.3,16.7,18.2,19.8,21.8,23.9,109.0
weight_for_height,boys,2-5,,-0.3521,18.339,0.08768,,14.3,15.5,16.8,18.3,20.0,22.0,24.2,109.5
weight_for_height,boys,2-5,,-0.3521,18.5158,0.088,,14.4,15.6,17.0,18.5,20.2,22.2,24.4,110.0
weight_for_height,boys,2-5,,-0.3521,18.6948,0.08832,,14.5,15.8,17.1,18.7,20.4,22.4,24.7,110.5
weight_for_height,boys,2-5,,-0.3521,18.8759,0.08864,,14.6,15.9,17.3,18.9,20.7,22.7,25.0,111.0
weight_for_height,boys,2-5,,-0.3521,19.059,0.08896,,14.8,16.0,17.5,19.1,20.9,22.9,25.2,111.5
weight_for_height,boys,2-5,,-0.3521,19.2439,0.08928,,14.9,16.2,17.6,19.2,21.1,23.1,25.5,112.0
weight_for_height,boys,2-5,,-0.3521,19.4304,0.0896,,15.0,16.3,17.8,19.4,21.3,23.4,25.8,112.5
weight_for_height,boys,2-5,,-0.3521,19.6185,0.08991,,15.2,16.5,18.0,19.6,21.5,23.6,26.0,113.0
weight_for_height,boys,2-5,,-0.3521,19.8081,0.09022,,15.3,16.6,18.1,19.8,21.7,23.9,26.3,113.5
weight_for_height,boys,2-5,,-0.3521,19.999,0.09054,,15.4,16.8,18.3,20.0,21.9,24.1,26.6,114.0
weight_for_height,boys,2-5,,-0.3521,20.1912,0.09085,,15.6,16.9,18.5,20.2,22.1,24.4,26.9,114.5
weight_for_height,boys,2-5,,-0.3521,20.3846,0.09116,,15.7,17.1,18.6,20.4,22.4,24.6,27.2,115.0
weight_for_height,boys,2-5,,-0.3521,20.5789,0.09147,,15.8,17.2,18.8,20.6,22.6,24.9,27.5,115.5
weight_for_height,boys,2-5,,-0.3521,20.7741,0.09177,,16.0,17.4,19.0,20.8,22.8,25.1,27.8,116.0
weight_for_height,boys,2-5,,-0.3521,20.97,0.09208,,16.1,17.5,19.2,21.0,23.0,25.4,28.0,116.5
weight_for_height,boys,2-5,,-0.3521,21.1666,0.09239,,16.2,17.7,19.3,21.2,23.3,25.6,28.3,117.0
weight_for_height,boys,2-5,,-0.3521,21.3636,0.0927,,16.4,17.9,19.5,21.4,23.5,25.9,28.6,117.5
weight_for_height,boys,2-5,,-0.3521,21.5611,0.093,,16.5,18.0,19.7,21.6,23.7,26.1,28.9,118.0
weight_for_height,boys,2-5,,-0.3521,21.7588,0.09331,,16.7,18.2,19.9,21.8,23.9,26.4,29.2,118.5
weight_for_height,boys,2-5,,-0.3521,21.9568,0.09362,,16.8,18.3,20.0,22.0,24.1,26.6,29.5,119.0
weight_for_height,boys,2-5,,-0.3521,22.1549,0.09393,,16.9,18.5,20.2,22.2,24.4,26.9,29.8,119.5
weight_for_height,boys,2-5,,-0.3521,22.353,0.09424,,17.1,18.6,20.4,22.4,24.6,27.2,30.1,120.0
weight_for_height,girls,2-5,,-0.3833,7.2402,0.09113,,5.6,6.1,6.6,7.2,7.9,8.7,9.7,65.0
weight_for_height,girls,2-5,,-0.3833,7.3523,0.09109,,5.7,6.2,6.7,7.4,8.1,8.9,9.8,65.5
weight_for_height,girls,2-5,,-0.3833,7.463,0.09104,,5.8,6.3,6.8,7.5,8.2,9.0,10.0,66.0
weight_for_height,girls,2-5,,-0.3833,7.5724,0.09099,,5.8,6.4,6.9,7.6,8.3,9.1,10.1,66.5
weight_for_height,girls,2-5,,-0.3833,7.6806,0.09094,,5.9,6.4,7.0,7.7,8.4,9.3,10.2,67.0
weight_for_height,girls,2-5,,-0.3833,7.7874,0.09088,,6.0,6.5,7.1,7.8,8.5,9.4,10.4,67.5
weight_for_height,girls,2-5,,-0.3833,7.893,0.09083,,6.1,6.6,7.2,7.9,8.7,9.5,10.5,68.0
weight_for_height,girls,2-5,,-0.3833,7.9976,0.09077,,6.2,6.7,7.3,8.0,8.8,9.7,10.7,68.5
weight_for_height,girls,2-5,,-0.3833,8.1012,0.09071,,6.3,6.8,7.4,8.1,8.9,9.8,10.8,69.0
weight_for_height,girls,2-5,,-0.3833,8.2039,0.09065,,6.3,6.9,7.5,8.2,9.0,9.9,10.9,69.5
weight_for_height,girls,2-5,,-0.3833,8.3058,0.09059,,6.4,7.0,7.6,8.3,9.1,10.0,11.1,70.0
weight_for_height,girls,2-5,,-0.3833,8.4071,0.09053,,6.5,7.1,7.7,8.4,9.2,10.1,11.2,70.5
weight_for_height,girls,2-5,,-0.3833,8.5078,0.09047,,6.6,7.1,7.8,8.5,9.3,10.3,11.3,71.0
weight_for_height,girls,2-5,,-0.3833,8.6078,0.09041,,6.7,7.2,7.9,8.6,9.4,10.4,11.5,71.5
weight_for_height,girls,2-5,,-0.3833,8.707,0.09035,,6.7,7.3,8.0,8.7,9.5,10.5,11.6,72.0
weight_for_height,girls,2-5,,-0.3833,8.8053,0.09028,,6.8,7.4,8.1,8.8,9.7,10.6,11.7,72.5
weight_for_height,girls,2-5,,-0.3833,8.9025,0.09022,,6.9,7.5,8.1,8.9,9.8,10.7,11.8,73.0
weight_for_height,girls,2-5,,-0.3833,8.9983,0.09016,,7.0,7.6,8.2,9.0,9.9,10.8,12.0,73.5
weight_for_height,girls,2-5,,-0.3833,9.0928,0.09009,,7.0,7.6,8.3,9.1,10.0,11.0,12.1,74.0
weight_for_height,girls,2-5,,-0.3833,9.1862,0.09003,,7.1,7.7,8.4,9.2,10.1,11.1,12.2,74.5
weight_for_height,girls,2-5,,-0.3833,9.2786,0.08996,,7.2,7.8,8.5,9.3,10.2,11.2,12.3,75.0
weight_for_height,girls,2-5,,-0.3833,9.3703,0.08989,,7.2,7.9,8.6,9.4,10.3,11.3,12.5,75.5
weight_for_height,girls,2-5,,-0.3833,9.4617,0.08983,,7.3,8.0,8.7,9.5,10.4,11.4,12.6,76.0
weight_for_height,girls,2-5,,-0.3833,9.5533,0.08976,,7.4,8.0,8.7,9.6,10.5,11.5,12.7,76.5
weight_for_height,girls,2-5,,-0.3833,9.6456,0.08969,,7.5,8.1,8.8,9.6,10.6,11.6,12.8,77.0
weight_for_height,girls,2-5,,-0.3833,9.739,0.08963,,7.5,8.2,8.9,9.7,10.7,11.7,12.9,77.5
weight_for_height,girls,2-5,,-0.3833,9.8338,0.08956,,7.6,8.3,9.0,9.8,10.8,11.8,13.1,78.0
weight_for_height,girls,2-5,,-0.3833,9.9303,0.0895,,7.7,8.4,9.1,9.9,10.9,12.0,13.2,78.5
weight_for_height,girls,2-5,,-0.3833,10.0289,0.08943,,7.8,8.4,9.2,10.0,11.0,12.1,13.3,79.0
weight_for_height,girls,2-5,,-0.3833,10.1298,0.08937,,7.8,8.5,9.3,10.1,11.1,12.2,13.4,79.5
weight_for_height,girls,2-5,,-0.3833,10.2332,0.08932,,7.9,8.6,9.4,10.2,11.2,12.3,13.6,80.0
weight_for_height,girls,2-5,,-0.3833,10.3393,0.08926,,8.0,8.7,9.5,10.3,11.3,12.4,13.7,80.5
weight_for_height,girls,2-5,,-0.3833,10.4477,0.08921,,8.1,8.8,9.6,10.4,11.4,12.6,13.9,81.0
weight_for_height,girls,2-5,,-0.3833,10.5586,0.08916,,8.2,8.9,9.7,10.6,11.6,12.7,14.0,81.5
weight_for_height,girls,2-5,,-0.3833,10.6719,0.08912,,8.3,9.0,9.8,10.7,11.7,12.8,14.1,82.0
weight_for_height,girls,2-5,,-0.3833,10.7874,0.08908,,8.4,9.1,9.9,10.8,11.8,13.0,14.3,82.5
weight_for_height,girls,2-5,,-0.3833,10.9051,0.08905,,8.5,9.2,10.0,10.9,11.9,13.1,14.5,83.0
weight_for_height,girls,2-5,,-0.3833,11.0248,0.08902,,8.5,9.3,10.1,11.0,12.1,13.3,14.6,83.5
weight_for_height,girls,2-5,,-0.3833,11.1462,0.08899,,8.6,9.4,10.2,11.1,12.2,13.4,14.8,84.0
weight_for_height,girls,2-5,,-0.3833,11.2691,0.08897,,8.7,9.5,10.3,11.3,12.3,13.5,14.9,84.5
weight_for_height,girls,2-5,,-0.3833,11.3934,0.08896,,8.8,9.6,10.4,11.4,12.5,13.7,15.1,85.0
weight_for_height,girls,2-5,,-0.3833,11.5186,0.08895,,8.9,9.7,10.6,11.5,12.6,13.8,15.3,85.5
weight_for_height,girls,2-5,,-0.3833,11.6444,0.08895,,9.0,9.8,10.7,11.6,12.7,14.0,15.4,86.0
weight_for_height,girls,2-5,,-0.3833,11.7705,0.08895,,9.1,9.9,10.8,11.8,12.9,14.2,15.6,86.5
weight_for_height,girls,2-5,,-0.3833,11.8965,0.08896,,9.2,10.0,10.9,11.9,13.0,14.3,15.8,87.0
weight_for_height,girls,2-5,,-0.3833,12.0223,0.08897,,9.3,10.1,11.0,12.0,13.2,14.5,15.9,87.5
weight_for_height,girls,2-5,,-0.3833,12.1478,0.08899,,9.4,10.2,11.1,12.1,13.3,14.6,16.1,88.0
weight_for_height,girls,2-5,,-0.3833,12.2729,0.08901,,9.5,10.3,11.2,12.3,13.4,14.8,16.3,88.5
weight_for_height,girls,2-5,,-0.3833,12.3976,0.08904,,9.6,10.4,11.4,12.4,13.6,14.9,16.4,89.0
weight_for_height,girls,2-5,,-0.3833,12.522,0.08907,,9.7,10.5,11.5,12.5,13.7,15.1,16.6,89.5
weight_for_height,girls,2-5,,-0.3833,12.6461,0.08911,,9.8,10.6,11.6,12.6,13.8,15.2,16.8,90.0
weight_for_height,girls,2-5,,-0.3833,12.77,0.08915,,9.9,10.7,11.7,12.8,14.0,15.4,16.9,90.5
weight_for_height,girls,2-5,,-0.3833,12.8939,0.0892,,10.0,10.9,11.8,12.9,14.1,15.5,17.1,91.0
weight_for_height,girls,2-5,,-0.3833,13.0177,0.08925,,10.1,11.0,11.9,13.0,14.3,15.7,17.3,91.5
weight_for_height,girls,2-5,,-0.3833,13.1415,0.08931,,10.2,11.1,12.0,13.1,14.4,15.8,17.4,92.0
weight_for_height,girls,2-5,,-0.3833,13.2654,0.08937,,10.3,11.2,12.1,13.3,14.5,16.0,17.6,92.5
weight_for_height,girls,2-5,,-0.3833,13.3896,0.08944,,10.4,11.3,12.3,13.4,14.7,16.1,17.8,93.0
weight_for_height,girls,2-5,,-0.3833,13.5142,0.08951,,10.5,11.4,12.4,13.5,14.8,16.3,17.9,93.5
weight_for_height,girls,2-5,,-0.3833,13.6393,0.08959,,10.6,11.5,12.5,13.6,14.9,16.4,18.1,94.0
weight_for_height,girls,2-5,,-0.3833,13.765,0.08967,,10.7,11.6,12.6,13.8,15.1,16.6,18.3,94.5
weight_for_height,girls,2-5,,-0.3833,13.8914,0.08975,,10.8,11.7,12.7,13.9,15.2,16.7,18.5,95.0
weight_for_height,girls,2-5,,-0.3833,14.0186,0.08984,,10.8,11.8,12.8,14.0,15.4,16.9,18.6,95.5
weight_for_height,girls,2-5,,-0.3833,14.1466,0.08994,,10.9,11.9,12.9,14.1,15.5,17.0,18.8,96.0
weight_for_height,girls,2-5,,-0.3833,14.2757,0.09004,,11.0,12.0,13.1,14.3,15.6,17.2,19.0,96.5
weight_for_height,girls,2-5,,-0.3833,14.4059,0.09015,,11.1,12.1,13.2,14.4,15.8,17.4,19.2,97.0
weight_for_height,girls,2-5,,-0.3833,14.5376,0.09026,,11.2,12.2,13.3,14.5,15.9,17.5,19.3,97.5
weight_for_height,girls,2-5,,-0.3833,14.671,0.09037,,11.3,12.3,13.4,14.7,16.1,17.7,19.5,98.0
weight_for_height,girls,2-5,,-0.3833,14.8062,0.09049,,11.4,12.4,13.5,14.8,16.2,17.9,19.7,98.5
weight_for_height,girls,2-5,,-0.3833,14.9434,0.09062,,11.5,12.5,13.7,14.9,16.4,18.0,19.9,99.0
weight_for_height,girls,2-5,,-0.3833,15.0828,0.09075,,11.6,12.7,13.8,15.1,16.5,18.2,20.1,99.5
weight_for_height,girls,2-5,,-0.3833,15.2246,0.09088,,11.7,12.8,13.9,15.2,16.7,18.4,20.3,100.0
weight_for_height,girls,2-5,,-0.3833,15.3687,0.09102,,11.9,12.9,14.1,15.4,16.9,18.6,20.5,100.5
weight_for_height,girls,2-5,,-0.3833,15.5154,0.09116,,12.0,13.0,14.2,15.5,17.0,18.7,20.7,101.0
weight_for_height,girls,2-5,,-0.3833,15.6646,0.09131,,12.1,13.1,14.3,15.7,17.2,18.9,20.9,101.5
weight_for_height,girls,2-5,,-0.3833,15.8164,0.09146,,12.2,13.3,14.5,15.8,17.4,19.1,21.1,102.0
weight_for_height,girls,2-5,,-0.3833,15.9707,0.09161,,12.3,13.4,14.6,16.0,17.5,19.3,21.4,102.5
weight_for_height,girls,2-5,,-0.3833,16.1276,0.09177,,12.4,13.5,14.7,16.1,17.7,19.5,21.6,103.0
weight_for_height,girls,2-5,,-0.3833,16.287,0.09193,,12.5,13.6,14.9,16.3,17.9,19.7,21.8,103.5
weight_for_height,girls,2-5,,-0.3833,16.4488,0.09209,,12.6,13.8,15.0,16.4,18.1,19.9,22.0,104.0
weight_for_height,girls,2-5,,-0.3833,16.6131,0.09226,,12.8,13.9,15.2,16.6,18.2,20.1,22.3,104.5
weight_for_height,girls,2-5,,-0.3833,16.78,0.09243,,12.9,14.0,15.3,16.8,18.4,20.3,22.5,105.0
weight_for_height,girls,2-5,,-0.3833,16.9496,0.09261,,13.0,14.2,15.5,16.9,18.6,20.5,22.7,105.5
weight_for_height,girls,2-5,,-0.3833,17.122,0.09278,,13.1,14.3,15.6,17.1,18.8,20.8,23.0,106.0
weight_for_height,girls,2-5,,-0.3833,17.2973,0.09296,,13.3,14.5,15.8,17.3,19.0,21.0,23.2,106.5
weight_for_height,girls,2-5,,-0.3833,17.4755,0.09315,,13.4,14.6,15.9,17.5,19.2,21.2,23.5,107.0
weight_for_height,girls,2-5,,-0.3833,17.6567,0.09333,,13.5,14.7,16.1,17.7,19.4,21.4,23.7,107.5
weight_for_height,girls,2-5,,-0.3833,17.8407,0.09352,,13.7,14.9,16.3,17.8,19.6,21.7,24.0,108.0
weight_for_height,girls,2-5,,-0.3833,18.0277,0.09371,,13.8,15.0,16.4,18.0,19.8,21.9,24.3,108.5
weight_for_height,girls,2-5,,-0.3833,18.2174,0.0939,,13.9,15.2,16.6,18.2,20.0,22.1,24.5,109.0
weight_for_height,girls,2-5,,-0.3833,18.4096,0.09409,,14.1,15.4,16.8,18.4,20.3,22.4,24.8,109.5
weight_for_height,girls,2-5,,-0.3833,18.6043,0.09428,,14.2,15.5,17.0,18.6,20.5,22.6,25.1,110.0
weight_for_height,girls,2-5,,-0.3833,18.8015,0.09448,,14.4,15.7,17.1,18.8,20.7,22.9,25.4,110.5
weight_for_height,girls,2-5,,-0.3833,19.0009,0.09467,,14.5,15.8,17.3,19.0,20.9,23.1,25.7,111.0
weight_for_height,girls,2-5,,-0.3833,19.2024,0.09487,,14.7,16.0,17.5,19.2,21.2,23.4,26.0,111.5
weight_for_height,girls,2-5,,-0.3833,19.406,0.09507,,14.8,16.2,17.7,19.4,21.4,23.6,26.2,112.0
weight_for_height,girls,2-5,,-0.3833,19.6116,0.09527,,15.0,16.3,17.9,19.6,21.6,23.9,26.5,112.5
weight_for_height,girls,2-5,,-0.3833,19.819,0.09546,,15.1,16.5,18.0,19.8,21.8,24.2,26.8,113.0
weight_for_height,girls,2-5,,-0.3833,20.028,0.09566,,15.3,16.7,18.2,20.0,22.1,24.4,27.1,113.5
weight_for_height,girls,2-5,,-0.3833,20.2385,0.09586,,15.4,16.8,18.4,20.2,22.3,24.7,27.4,114.0
weight_for_height,girls,2-5,,-0.3833,20.4502,0.09606,,15.6,17.0,18.6,20.5,22.6,25.0,27.8,114.5
weight_for_height,girls,2-5,,-0.3833,20.6629,0.09626,,15.7,17.2,18.8,20.7,22.8,25.2,28.1,115.0
weight_for_height,girls,2-5,,-0.3833,20.8766,0.09646,,15.9,17.3,19.0,20.9,23.0,25.5,28.4,115.5
weight_for_height,girls,2-5,,-0.3833,21.0909,0.09666,,16.0,17.5,19.2,21.1,23.3,25.8,28.7,116.0
weight_for_height,girls,2-5,,-0.3833,21.3059,0.09686,,16.2,17.7,19.4,21.3,23.5,26.1,29.0,116.5
weight_for_height,girls,2-5,,-0.3833,21.5213,0.09707,,16.3,17.8,19.6,21.5,23.8,26.3,29.3,117.0
weight_for_height,girls,2-5,,-0.3833,21.737,0.09727,,16.5,18.0,19.8,21.7,24.0,26.6,29.6,117.5
weight_for_height,girls,2-5,,-0.3833,21.9529,0.09747,,16.6,18.2,19.9,22.0,24.2,26.9,29.9,118.0
weight_for_height,girls,2-5,,-0.3833,22.169,0.09767,,16.8,18.4,20.1,22.2,24.5,27.2,30.3,118.5
weight_for_height,girls,2-5,,-0.3833,22.3851,0.09788,,16.9,18.5,20.3,22.4,24.7,27.4,30.6,119.0
weight_for_height,girls,2-5,,-0.3833,22.6012,0.09808,,17.1,18.7,20.5,22.6,25.0,27.7,30.9,119.5
weight_for_height,girls,2-5,,-0.3833,22.8173,0.09828,,17.3,18.9,20.7,22.8,25.2,28.0,31.2,120.0
